id,name,phone,trip_start,trip_end
116e10c8-2534-4414-9393-401863d46409,Aarav Singh,700001001,2025-09-18,2025-09-21
bbbadb9d-d26f-4136-9deb-492fd9055509,Meera Khan,700001002,2025-09-18,2025-09-21
e9120a1b-1cdd-4bc0-a442-9d70c3d7dfc7,Rohit Sharma,700001003,2025-09-18,2025-09-21
83700868-2d65-475b-8c3a-0a484a5f695f,Fatima Bano,700001004,2025-09-18,2025-09-21
682dc7b6-fdcb-44da-ad7d-6c79c32ff12f,Arjun Gupta,700001005,2025-09-18,2025-09-21
03746c68-1c84-4493-8263-c8e686b2e921,John Doe,+91-9876543210,2025-09-18T10:00:00,2025-09-25T18:00:00
c6be0378-c47a-41dd-adc5-8f01abaa6f69,John Doe,+91-9876543210,2025-09-18T10:00:00,2025-09-25T18:00:00
6a876aa0-0807-48fb-a30b-235970fa45e2,John Doe,+91-9876543210,2025-09-18T10:00:00,2025-09-25T18:00:00
94447842-2be4-479d-841b-802a6ac682f0,John Doe,+91-9876543210,2025-09-18T10:00:00,2025-09-25T18:00:00
88d77e84-3381-4f2e-ba0c-f58305461dfa,John Doe,+91-9876543210,2025-09-18T10:00:00,2025-09-25T18:00:00
dc2e8892-e8a1-4c69-851a-ac73cf91494c,John Doe,+91-9876543210,2025-09-18T10:00:00,2025-09-25T18:00:00
a7b0ea77-15eb-4604-ae62-ad9464769373,Test User,+919876543210,2025-09-19T10:00:00Z,2025-09-25T18:00:00Z
